EXPT,MM,TYPE,K1,K2
HiFi,1 MM,20A,1.135,1.017
HiFi,1 MM,20G,0.3243,0.4252
HiFi,1 MM,20C,1.042,0.841
HiFi,1 MM,20T,1.856,1.412
HiFi,1 MM,19A,0.3658,0.5719
HiFi,1 MM,19G,0.2878,0.336
HiFi,1 MM,19C,1.106,0.8844
HiFi,1 MM,19T,0.3024,0.3
HiFi,1 MM,18A,1.413,1.264
HiFi,1 MM,18G,0.213,0.2271
HiFi,1 MM,18C,1.277,1.077
HiFi,1 MM,18T,1.064,0.8546
HiFi,1 MM,17A,1.509,1.199
HiFi,1 MM,17G,0.3428,0.5316
HiFi,1 MM,17C,1.437,1.541
HiFi,1 MM,17T,1.03,0.8246
HiFi,1 MM,16A,0.9056,0.6318
HiFi,1 MM,16G,0.7364,0.71
HiFi,1 MM,16C,1.775,1.241
HiFi,1 MM,16T,1.032,0.842
HiFi,1 MM,15A,1.027,0.8258
HiFi,1 MM,15G,1.633,1.678
HiFi,1 MM,15C,1.18,1.104
HiFi,1 MM,15T,1.168,1.305
HiFi,1 MM,14A,1.022,0.8241
HiFi,1 MM,14G,1.591,1.192
HiFi,1 MM,14C,1.594,1.632
HiFi,1 MM,14T,1.147,1.228
HiFi,1 MM,13A,0.3389,0.562
HiFi,1 MM,13G,1.623,1.689
HiFi,1 MM,13C,2.086,1.205
HiFi,1 MM,13T,1.041,0.837
HiFi,1 MM,12A,0.3776,0.2639
HiFi,1 MM,12G,0.2193,0.3208
HiFi,1 MM,12C,1.07,0.8715
HiFi,1 MM,12T,1.079,0.8032
HiFi,1 MM,11A,1.914,1.283
HiFi,1 MM,11G,1.104,1.248
HiFi,1 MM,11C,1.015,0.8315
HiFi,1 MM,11T,1.959,0.9233
HiFi,1 MM,10A,1.018,0.8284
HiFi,1 MM,10G,1.535,1.199
HiFi,1 MM,10C,1.493,1.139
HiFi,1 MM,10T,1.423,1.222
HiFi,1 MM,9A,1.622,1.48
HiFi,1 MM,9G,1.509,1.491
HiFi,1 MM,9C,1.015,0.8158
HiFi,1 MM,9T,1.565,1.394
HiFi,1 MM,8A,1.548,1.455
HiFi,1 MM,8G,1.008,0.8185
HiFi,1 MM,8C,1.895,1.231
HiFi,1 MM,8T,1.724,1.471
HiFi,1 MM,7A,1.359,1.23
HiFi,1 MM,7G,1.556,1.083
HiFi,1 MM,7C,1.014,0.8195
HiFi,1 MM,7T,1.561,1.451
HiFi,1 MM,6A,1.542,1.152
HiFi,1 MM,6G,1.02,0.8496
HiFi,1 MM,6C,0.6969,0.1937
HiFi,1 MM,6T,1.581,1.185
HiFi,1 MM,5A,1.012,0.8262
HiFi,1 MM,5G,1.556,0.8877
HiFi,1 MM,5C,1.459,1.007
HiFi,1 MM,5T,1.57,1.577
HiFi,1 MM,4A,1.022,0.8422
HiFi,1 MM,4G,1.592,1.185
HiFi,1 MM,4C,1.318,0.5243
HiFi,1 MM,4T,1.31,0.9589
HiFi,1 MM,3A,0.325,0.3494
HiFi,1 MM,3G,0.2241,0.2206
HiFi,1 MM,3C,1.079,0.8813
HiFi,1 MM,3T,0.284,1.065
HiFi,1 MM,2A,1.352,0.5145
HiFi,1 MM,2G,0.5551,0.151
HiFi,1 MM,2C,1.028,0.8658
HiFi,1 MM,2T,2.194,1.059
HiFi,1 MM,1A,0.3361,0.1458
HiFi,1 MM,1G,1.09,0.9055
HiFi,1 MM,1C,0.3598,0.02917
HiFi,1 MM,1T,0.2982,0.1103
HiFi,1 MM,20G,1.759,1.704
HiFi,1 MM,20C,1.792,1.599
HiFi,1 MM,20T,1.301,1.098
HiFi,1 MM,19A,1.639,1.897
HiFi,1 MM,19G,1.689,1.87
HiFi,1 MM,19C,1.475,1.445
HiFi,1 MM,19T,1.306,1.102
HiFi,1 MM,18A,1.48,1.573
HiFi,1 MM,18G,1.748,1.383
HiFi,1 MM,18C,1.296,1.103
HiFi,1 MM,18T,1.565,1.375
HiFi,1 MM,17A,1.949,1.797
HiFi,1 MM,17G,1.779,1.378
HiFi,1 MM,17C,1.829,2.049
HiFi,1 MM,17T,1.295,1.104
HiFi,1 MM,16A,1.758,1.365
HiFi,1 MM,16G,1.972,1.65
HiFi,1 MM,16C,1.288,1.099
HiFi,1 MM,16T,1.931,1.528
HiFi,1 MM,15A,1.748,1.583
HiFi,1 MM,15G,1.666,1.56
HiFi,1 MM,15C,1.371,1.301
HiFi,1 MM,15T,1.299,1.101
HiFi,1 MM,14A,1.692,1.687
HiFi,1 MM,14G,1.593,1.351
HiFi,1 MM,14C,1.648,0.7597
HiFi,1 MM,14T,1.303,1.114
HiFi,1 MM,13A,1.511,1.587
HiFi,1 MM,13G,1.692,0.94
HiFi,1 MM,13C,0.5744,0.377
HiFi,1 MM,13T,1.314,1.129
HiFi,1 MM,12A,1.646,1.67
HiFi,1 MM,12G,1.839,1.68
HiFi,1 MM,12C,1.284,1.087
HiFi,1 MM,12T,1.647,1.862
HiFi,1 MM,11A,2.136,1.572
HiFi,1 MM,11G,1.71,1.436
HiFi,1 MM,11C,1.33,1.14
HiFi,1 MM,11T,0.5314,0.3544
HiFi,1 MM,10A,1.6,1.241
HiFi,1 MM,10G,1.761,1.634
HiFi,1 MM,10C,1.658,1.435
HiFi,1 MM,10T,1.299,1.107
HiFi,1 MM,9A,2.039,1.518
HiFi,1 MM,9G,1.585,1.607
HiFi,1 MM,9C,1.307,1.099
HiFi,1 MM,9T,1.329,1.173
HiFi,1 MM,8A,1.539,1.841
HiFi,1 MM,8G,1.314,1.111
HiFi,1 MM,8C,1.405,1.527
HiFi,1 MM,8T,1.216,1.061
HiFi,1 MM,7A,1.444,1.461
HiFi,1 MM,7G,1.39,1.368
HiFi,1 MM,7C,1.36,1.162
HiFi,1 MM,7T,0.1522,0.0913
HiFi,1 MM,6A,1.332,1.214
HiFi,1 MM,6G,1.308,0.8548
HiFi,1 MM,6C,1.38,1.323
HiFi,1 MM,6T,1.308,1.122
HiFi,1 MM,5A,1.843,1.282
HiFi,1 MM,5G,1.232,1.034
HiFi,1 MM,5C,1.323,1.126
HiFi,1 MM,5T,0.8911,0.6981
HiFi,1 MM,4A,1.729,1.618
HiFi,1 MM,4G,1.326,1.142
HiFi,1 MM,4C,1.814,1.498
HiFi,1 MM,4T,0.4887,0.3623
HiFi,1 MM,3A,1.688,1.079
HiFi,1 MM,3G,1.161,0.7492
HiFi,1 MM,3C,1.351,1.159
HiFi,1 MM,3T,0.2566,0.1833
HiFi,1 MM,2A,1.464,1.272
HiFi,1 MM,2G,1.352,1.157
HiFi,1 MM,2C,0.8935,0.4992
HiFi,1 MM,2T,0.134,0.09622
HiFi,1 MM,1A,1.029,0.7091
HiFi,1 MM,1G,1.056,0.7527
HiFi,1 MM,1C,0.2292,0.1608
HiFi,1 MM,1T,0.8607,0.497
HiFi,2 MM,20A,0.2565,0.271
HiFi,2 MM,20G,0.1327,0.1478
HiFi,2 MM,20C,0.391,0.2608
HiFi,2 MM,20T,1.468,0.7228
HiFi,2 MM,19A,0.1921,0.1668
HiFi,2 MM,19G,0.233,0.16
HiFi,2 MM,19C,0.4596,0.2851
HiFi,2 MM,19T,0.1496,0.1333
HiFi,2 MM,18A,0.599,0.3361
HiFi,2 MM,18G,0.05315,0.07507
HiFi,2 MM,18C,0.3332,0.2273
HiFi,2 MM,18T,0.407,0.269
HiFi,2 MM,17A,0.4466,0.3116
HiFi,2 MM,17G,0.2378,0.2109
HiFi,2 MM,17C,1.156,0.5851
HiFi,2 MM,17T,0.367,0.2557
HiFi,2 MM,16A,0.1984,0.1892
HiFi,2 MM,16G,0.1894,0.2084
HiFi,2 MM,16C,0.5771,0.3046
HiFi,2 MM,16T,0.4182,0.2673
HiFi,2 MM,15A,0.3519,0.2555
HiFi,2 MM,15G,1.399,0.8741
HiFi,2 MM,15C,0.9138,0.4259
HiFi,2 MM,15T,0.6549,0.1922
HiFi,2 MM,14A,0.3639,0.2542
HiFi,2 MM,14G,0.9508,0.542
HiFi,2 MM,14C,0.6258,0.3028
HiFi,2 MM,14T,0.8244,0.3164
HiFi,2 MM,13A,0.1502,0.1303
HiFi,2 MM,13G,0.4733,0.2702
HiFi,2 MM,13C,1.126,0.7308
HiFi,2 MM,13T,0.3908,0.2641
HiFi,2 MM,12A,0.1497,0.1481
HiFi,2 MM,12G,0.1682,0.1557
HiFi,2 MM,12C,0.4468,0.2748
HiFi,2 MM,12T,0.2416,0.2174
HiFi,2 MM,11A,0.9735,0.3653
HiFi,2 MM,11G,1.246,0.6865
HiFi,2 MM,11C,0.3546,0.255
HiFi,2 MM,11T,0.408,0.2444
HiFi,2 MM,10A,0.3353,0.2485
HiFi,2 MM,10G,1.377,0.9256
HiFi,2 MM,10C,1.079,0.6063
HiFi,2 MM,10T,1.167,0.619
HiFi,2 MM,9A,0.6104,0.3177
HiFi,2 MM,9G,0.5151,0.2843
HiFi,2 MM,9C,0.3601,0.2541
HiFi,2 MM,9T,0.9061,0.6096
HiFi,2 MM,8A,1.324,0.7635
HiFi,2 MM,8G,0.3592,0.2529
HiFi,2 MM,8C,0.3221,0.2244
HiFi,2 MM,8T,0.286,0.3254
HiFi,2 MM,7A,1.013,0.7507
HiFi,2 MM,7G,1.071,0.4338
HiFi,2 MM,7C,0.3443,0.2475
HiFi,2 MM,7T,0.8426,0.3913
HiFi,2 MM,6A,0.9315,0.6046
HiFi,2 MM,6G,0.3519,0.245
HiFi,2 MM,6C,0.4892,0.3395
HiFi,2 MM,6T,0.7532,0.6546
HiFi,2 MM,5A,0.3583,0.2503
HiFi,2 MM,5G,1.239,0.6238
HiFi,2 MM,5C,0.6849,0.6072
HiFi,2 MM,5T,0.6955,0.3822
HiFi,2 MM,4A,0.3897,0.2603
HiFi,2 MM,4G,1.306,0.8876
HiFi,2 MM,4C,0.3041,0.2079
HiFi,2 MM,4T,0.1483,0.1656
HiFi,2 MM,3A,0.03986,0.04024
HiFi,2 MM,3G,0.1348,0.04811
HiFi,2 MM,3C,0.5365,0.2962
HiFi,2 MM,3T,0.1803,0.1744
HiFi,2 MM,2A,0.3063,0.2325
HiFi,2 MM,2G,0.3269,0.04721
HiFi,2 MM,2C,0.3904,0.2686
HiFi,2 MM,2T,0.3636,0.2847
HiFi,2 MM,1A,0.3929,0.03507
HiFi,2 MM,1G,0.3921,0.2752
HiFi,2 MM,1C,0.3669,0.01793
HiFi,2 MM,1T,0.2691,0.03828
HiFi,2 MM,20A,1.527,1.296
HiFi,2 MM,20G,1.427,1.3
HiFi,2 MM,20C,0.9821,0.8778
HiFi,2 MM,20T,1.438,1.286
HiFi,2 MM,19A,1.536,1.388
HiFi,2 MM,19G,1.474,1.186
HiFi,2 MM,19C,0.9792,0.8744
HiFi,2 MM,19T,1.355,1.4
HiFi,2 MM,18A,1.503,1.29
HiFi,2 MM,18G,0.9707,0.8589
HiFi,2 MM,18C,1.328,1.255
HiFi,2 MM,18T,1.475,1.442
HiFi,2 MM,17A,1.386,1.16
HiFi,2 MM,17G,1.384,1.18
HiFi,2 MM,17C,0.9865,0.8826
HiFi,2 MM,17T,1.405,1.265
HiFi,2 MM,16A,1.279,1.138
HiFi,2 MM,16G,0.9962,0.8779
HiFi,2 MM,16C,1.192,1.146
HiFi,2 MM,16T,1.269,1.248
HiFi,2 MM,15A,1.228,1.165
HiFi,2 MM,15G,1.155,1.012
HiFi,2 MM,15C,0.9977,0.8852
HiFi,2 MM,15T,1.402,1.247
HiFi,2 MM,14A,1.213,1.05
HiFi,2 MM,14G,0.8507,0.7661
HiFi,2 MM,14C,1.018,0.9097
HiFi,2 MM,14T,1.14,1.067
HiFi,2 MM,13A,1.394,1.091
HiFi,2 MM,13G,0.7306,0.4828
HiFi,2 MM,13C,1.005,0.9114
HiFi,2 MM,13T,1.397,1.262
HiFi,2 MM,12A,1.282,1.097
HiFi,2 MM,12G,1.006,0.8873
HiFi,2 MM,12C,1.023,0.8871
HiFi,2 MM,12T,1.134,1.237
HiFi,2 MM,11A,0.8725,1.072
HiFi,2 MM,11G,1.078,0.9515
HiFi,2 MM,11C,0.3482,0.3284
HiFi,2 MM,11T,1.057,0.955
HiFi,2 MM,10A,0.8563,1.057
HiFi,2 MM,10G,1.193,1.006
HiFi,2 MM,10C,1.02,0.8979
HiFi,2 MM,10T,1.282,1.228
HiFi,2 MM,9A,0.8559,0.8616
HiFi,2 MM,9G,1.04,0.9324
HiFi,2 MM,9C,0.787,0.715
HiFi,2 MM,9T,1.114,0.77
HiFi,2 MM,8A,1.045,0.9308
HiFi,2 MM,8G,0.9943,0.7212
HiFi,2 MM,8C,0.5869,0.4965
HiFi,2 MM,8T,0.7732,0.8314
HiFi,2 MM,7A,0.7639,0.7226
HiFi,2 MM,7G,1.076,0.9544
HiFi,2 MM,7C,0.1568,0.1213
HiFi,2 MM,7T,0.5523,0.7383
HiFi,2 MM,6A,0.8688,0.8247
HiFi,2 MM,6G,0.7807,0.7112
HiFi,2 MM,6C,1.042,0.9299
HiFi,2 MM,6T,0.8775,0.7213
HiFi,2 MM,5A,0.9456,0.8812
HiFi,2 MM,5G,1.029,0.9302
HiFi,2 MM,5C,0.8706,0.4509
HiFi,2 MM,5T,1.187,1.069
HiFi,2 MM,4A,1.039,0.9434
HiFi,2 MM,4G,0.7974,0.7209
HiFi,2 MM,4C,0.6716,0.2636
HiFi,2 MM,4T,1.102,0.7775
HiFi,2 MM,3A,0.7013,0.3992
HiFi,2 MM,3G,1.072,0.9552
HiFi,2 MM,3C,0.2164,0.2457
HiFi,2 MM,3T,0.9473,0.769
HiFi,2 MM,2A,1.061,0.9523
HiFi,2 MM,2G,0.5569,0.6501
HiFi,2 MM,2C,0.1332,0.07537
HiFi,2 MM,2T,0.932,0.5835
HiFi,2 MM,1A,0.6042,0.4428
HiFi,2 MM,1G,0.2052,0.1267
HiFi,2 MM,1C,0.3986,0.3695
HiFi,2 MM,1T,1.078,0.9772
HiFi,3 MM,20A,0.1324,0.1302
HiFi,3 MM,20G,0.05096,0.05494
HiFi,3 MM,20C,0.1679,0.172
HiFi,3 MM,20T,0.2742,0.2398
HiFi,3 MM,19A,0.04326,0.1371
HiFi,3 MM,19G,0.04214,0.05396
HiFi,3 MM,19C,0.1869,0.187
HiFi,3 MM,19T,0.03652,0.03465
HiFi,3 MM,18A,0.1919,0.1613
HiFi,3 MM,18G,0.03544,0.03208
HiFi,3 MM,18C,0.1315,0.04721
HiFi,3 MM,18T,0.1755,0.1804
HiFi,3 MM,17A,0.176,0.152
HiFi,3 MM,17G,0.0394,0.04938
HiFi,3 MM,17C,0.2658,0.2042
HiFi,3 MM,17T,0.1655,0.1712
HiFi,3 MM,16A,0.0462,0.04619
HiFi,3 MM,16G,0.04737,0.04102
HiFi,3 MM,16C,0.1932,0.165
HiFi,3 MM,16T,0.1774,0.184
HiFi,3 MM,15A,0.1568,0.1632
HiFi,3 MM,15G,0.7034,0.3545
HiFi,3 MM,15C,0.1926,0.1585
HiFi,3 MM,15T,0.1186,0.1075
HiFi,3 MM,14A,0.1636,0.1691
HiFi,3 MM,14G,0.18,0.2094
HiFi,3 MM,14C,0.1774,0.1505
HiFi,3 MM,14T,0.1901,0.1331
HiFi,3 MM,13A,0.0293,0.02402
HiFi,3 MM,13G,0.04122,0.02723
HiFi,3 MM,13C,0.2785,0.2224
HiFi,3 MM,13T,0.1708,0.1742
HiFi,3 MM,12A,0.02785,0.03275
HiFi,3 MM,12G,0.04036,0.02724
HiFi,3 MM,12C,0.1826,0.1798
HiFi,3 MM,12T,0.03707,0.03653
HiFi,3 MM,11A,0.1512,0.152
HiFi,3 MM,11G,0.2846,0.2155
HiFi,3 MM,11C,0.1636,0.1703
HiFi,3 MM,11T,0.1445,0.05281
HiFi,3 MM,10A,0.1473,0.154
HiFi,3 MM,10G,0.301,0.2638
HiFi,3 MM,10C,0.2798,0.2447
HiFi,3 MM,10T,0.284,0.2242
HiFi,3 MM,9A,0.1383,0.1689
HiFi,3 MM,9G,0.1408,0.0627
HiFi,3 MM,9C,0.1649,0.1659
HiFi,3 MM,9T,0.2374,0.2472
HiFi,3 MM,8A,0.5199,0.3849
HiFi,3 MM,8G,0.1513,0.152
HiFi,3 MM,8C,0.2754,0.532
HiFi,3 MM,8T,0.1483,0.1135
HiFi,3 MM,7A,0.2856,0.2977
HiFi,3 MM,7G,0.1668,0.1968
HiFi,3 MM,7C,0.1572,0.1546
HiFi,3 MM,7T,0.1867,0.2153
HiFi,3 MM,6A,0.2795,0.4635
HiFi,3 MM,6G,0.1439,0.1437
HiFi,3 MM,6C,1.102,1.007E-07
HiFi,3 MM,6T,0.3343,0.367
HiFi,3 MM,5A,0.162,0.1608
HiFi,3 MM,5G,0.3942,0.739
HiFi,3 MM,5C,0.1725,0.3464
HiFi,3 MM,5T,0.1672,0.1026
HiFi,3 MM,4A,0.162,0.1618
HiFi,3 MM,4G,0.5444,0.6378
HiFi,3 MM,4C,0.1814,0.01083
HiFi,3 MM,4T,0.03683,0.02286
HiFi,3 MM,3A,0.03734,0.02013
HiFi,3 MM,3G,0.04032,0.03081
HiFi,3 MM,3C,0.1993,0.1931
HiFi,3 MM,3T,0.04029,0.03462
HiFi,3 MM,2A,0.1438,0.03378
HiFi,3 MM,2G,0.1476,0.02721
HiFi,3 MM,2C,0.1717,0.1735
HiFi,3 MM,2T,0.1111,0.03883
HiFi,3 MM,1A,0.1779,0.2428
HiFi,3 MM,1G,0.1628,0.1597
HiFi,3 MM,1C,0.3334,0.006187
HiFi,3 MM,1T,0.1302,0.01987
HiFi,3 MM,20A,0.9989,1.239
HiFi,3 MM,20G,0.9571,1.079
HiFi,3 MM,20C,0.4646,0.6349
HiFi,3 MM,20T,0.8754,1.084
HiFi,3 MM,19A,0.6748,0.9825
HiFi,3 MM,19G,0.6608,0.7684
HiFi,3 MM,19C,0.5083,0.6851
HiFi,3 MM,19T,0.8927,1.062
HiFi,3 MM,18A,0.9439,1.074
HiFi,3 MM,18G,0.479,0.6568
HiFi,3 MM,18C,0.6414,0.9337
HiFi,3 MM,18T,0.7301,0.9201
HiFi,3 MM,17A,0.7479,0.8554
HiFi,3 MM,17G,0.5871,0.7042
HiFi,3 MM,17C,0.5092,0.7107
HiFi,3 MM,17T,0.7553,0.9035
HiFi,3 MM,16A,0.5805,0.6439
HiFi,3 MM,16G,0.5239,0.7297
HiFi,3 MM,16C,0.5541,0.8898
HiFi,3 MM,16T,0.7409,0.7667
HiFi,3 MM,15A,0.5967,0.6232
HiFi,3 MM,15G,0.3315,0.3296
HiFi,3 MM,15C,0.5445,0.758
HiFi,3 MM,15T,0.8245,0.9035
HiFi,3 MM,14A,0.5474,0.6269
HiFi,3 MM,14G,0.2838,0.414
HiFi,3 MM,14C,0.5615,0.7579
HiFi,3 MM,14T,0.8354,0.8005
HiFi,3 MM,13A,0.4594,0.5623
HiFi,3 MM,13G,0.4501,0.4374
HiFi,3 MM,13C,0.5297,0.7527
HiFi,3 MM,13T,1.006,0.8935
HiFi,3 MM,12A,0.6079,0.7828
HiFi,3 MM,12G,0.5671,0.7592
HiFi,3 MM,12C,0.3665,0.4185
HiFi,3 MM,12T,0.5758,0.7851
HiFi,3 MM,11A,0.6308,0.6208
HiFi,3 MM,11G,0.6137,0.8081
HiFi,3 MM,11C,0.2631,0.2575
HiFi,3 MM,11T,0.4732,0.8054
HiFi,3 MM,10A,0.7265,0.7077
HiFi,3 MM,10G,0.5975,0.8396
HiFi,3 MM,10C,0.5167,0.721
HiFi,3 MM,10T,0.8284,0.926
HiFi,3 MM,9A,0.5226,0.8773
HiFi,3 MM,9G,0.5436,0.7339
HiFi,3 MM,9C,0.5821,0.4876
HiFi,3 MM,9T,0.6166,0.7976
HiFi,3 MM,8A,0.5681,0.7406
HiFi,3 MM,8G,0.3997,0.5966
HiFi,3 MM,8C,0.2613,0.4571
HiFi,3 MM,8T,0.5335,0.7978
HiFi,3 MM,7A,0.2475,0.65
HiFi,3 MM,7G,0.5904,0.7605
HiFi,3 MM,7C,0.07138,0.02742
HiFi,3 MM,7T,0.4652,0.491
HiFi,3 MM,6A,0.3776,0.7924
HiFi,3 MM,6G,0.3346,0.4972
HiFi,3 MM,6C,0.5639,0.7325
HiFi,3 MM,6T,0.5386,0.7957
HiFi,3 MM,5A,0.3995,0.3457
HiFi,3 MM,5G,0.5598,0.7365
HiFi,3 MM,5C,0.4432,0.8701
HiFi,3 MM,5T,0.7351,0.9216
HiFi,3 MM,4A,0.566,0.7434
HiFi,3 MM,4G,0.2513,0.2725
HiFi,3 MM,4C,0.1757,0.5625
HiFi,3 MM,4T,0.8172,0.8551
HiFi,3 MM,3A,0.3725,0.8133
HiFi,3 MM,3G,0.5736,0.7316
HiFi,3 MM,3C,0.2241,0.452
HiFi,3 MM,3T,0.3512,0.9141
HiFi,3 MM,2A,0.5926,0.7535
HiFi,3 MM,2G,0.2787,0.355
HiFi,3 MM,2C,0.2669,0.03686
HiFi,3 MM,2T,0.303,0.5315
HiFi,3 MM,1A,0.3118,0.575
HiFi,3 MM,1G,0.2012,0.1878
HiFi,3 MM,1C,0.5702,0.3173
HiFi,3 MM,1T,0.5897,0.7807
HiFi,4 MM,20A,0.005416,0.004541
HiFi,4 MM,20G,0.00413,0.003433
HiFi,4 MM,20C,0.001523,0.001622
HiFi,4 MM,20T,0.007764,0.005498
HiFi,4 MM,19A,0.005217,0.004434
HiFi,4 MM,19G,0.003499,0.002974
HiFi,4 MM,19C,0.001528,0.001615
HiFi,4 MM,19T,0.003485,0.003226
HiFi,4 MM,18A,0.00572,0.004461
HiFi,4 MM,18G,0.003154,0.002905
HiFi,4 MM,18C,0.004571,0.003905
HiFi,4 MM,18T,0.00148,0.001595
HiFi,4 MM,17A,0.006022,0.004255
HiFi,4 MM,17G,0.00375,0.00339
HiFi,4 MM,17C,0.004876,0.003702
HiFi,4 MM,17T,0.00146,0.001596
HiFi,4 MM,16A,0.003583,0.003453
HiFi,4 MM,16G,0.003611,0.002961
HiFi,4 MM,16C,0.004204,0.003202
HiFi,4 MM,16T,0.001629,0.001709
HiFi,4 MM,15A,0.001584,0.001688
HiFi,4 MM,15G,0.005854,0.004538
HiFi,4 MM,15C,0.004118,0.003384
HiFi,4 MM,15T,0.005327,0.004286
HiFi,4 MM,14A,0.001678,0.001773
HiFi,4 MM,14G,0.003798,0.002817
HiFi,4 MM,14C,0.002422,0.002395
HiFi,4 MM,14T,0.005899,0.004162
HiFi,4 MM,13A,0.001864,0.002003
HiFi,4 MM,13G,0.0009386,0.001436
HiFi,4 MM,13C,0.001786,0.001771
HiFi,4 MM,13T,0.002093,0.002031
HiFi,4 MM,12A,0.002039,0.001826
HiFi,4 MM,12G,0.0007447,0.0009461
HiFi,4 MM,12C,0.001963,0.001989
HiFi,4 MM,12T,0.003755,0.003175
HiFi,4 MM,11A,0.001531,0.001523
HiFi,4 MM,11G,0.002103,0.001613
HiFi,4 MM,11C,0.001937,0.001965
HiFi,4 MM,11T,0.003269,0.003265
HiFi,4 MM,10A,0.00184,0.001864
HiFi,4 MM,10G,0.002806,0.002884
HiFi,4 MM,10C,0.001255,0.001319
HiFi,4 MM,10T,0.004421,0.003667
HiFi,4 MM,9A,0.0003552,0.0008756
HiFi,4 MM,9G,0.001234,0.001903
HiFi,4 MM,9C,0.002032,0.001959
HiFi,4 MM,9T,0.006073,0.004578
HiFi,4 MM,8A,0.002912,0.002421
HiFi,4 MM,8G,0.002443,0.002307
HiFi,4 MM,8C,0,0
HiFi,4 MM,8T,0.0005304,0.0009354
HiFi,4 MM,7A,0.0008175,0.0008144
HiFi,4 MM,7G,0.002082,0.001675
HiFi,4 MM,7C,0.001992,0.002015
HiFi,4 MM,7T,0.00373,0.003648
HiFi,4 MM,6A,0,0.0005257
HiFi,4 MM,6G,0.003238,0.002788
HiFi,4 MM,6C,0,0
HiFi,4 MM,6T,0,0.0005556
HiFi,4 MM,5A,0.00241,0.002404
HiFi,4 MM,5G,0,0.00009832
HiFi,4 MM,5C,0,0.0001708
HiFi,4 MM,5T,0.00205,0.001664
HiFi,4 MM,4A,0.002469,0.002388
HiFi,4 MM,4G,0.0009943,0.0009059
HiFi,4 MM,4C,0,0
HiFi,4 MM,4T,0.0006925,0.0009701
HiFi,4 MM,3A,0.0003807,0.001067
HiFi,4 MM,3G,0.0004932,0.0009422
HiFi,4 MM,3C,0.002186,0.002099
HiFi,4 MM,3T,0.00429,0.003257
HiFi,4 MM,2A,0.001496,0.001349
HiFi,4 MM,2G,0.0006578,0.001271
HiFi,4 MM,2C,0.002181,0.002157
HiFi,4 MM,2T,0.001954,0.001749
HiFi,4 MM,1A,0.0007636,0.001057
HiFi,4 MM,1G,0.002587,0.002384
HiFi,4 MM,1C,0.00005611,0.000756
HiFi,4 MM,1T,0.0004205,0.0008454
HiFi,4 MM,20A,0.1455,0.008748
HiFi,4 MM,20G,0.008584,0.006583
HiFi,4 MM,20C,0.002407,0.002132
HiFi,4 MM,20T,0.01029,0.01007
HiFi,4 MM,19A,0.007097,0.007341
HiFi,4 MM,19G,0.007296,0.006346
HiFi,4 MM,19C,0.002479,0.002132
HiFi,4 MM,19T,0.009092,0.007157
HiFi,4 MM,18A,0.008685,0.007103
HiFi,4 MM,18G,0.002367,0.002029
HiFi,4 MM,18C,0.006746,0.006701
HiFi,4 MM,18T,0.007632,0.006382
HiFi,4 MM,17A,0.005796,0.005914
HiFi,4 MM,17G,0.005661,0.004912
HiFi,4 MM,17C,0.002535,0.002172
HiFi,4 MM,17T,0.007492,0.005859
HiFi,4 MM,16A,0.00543,0.006386
HiFi,4 MM,16G,0.002504,0.002071
HiFi,4 MM,16C,0.005827,0.00592
HiFi,4 MM,16T,0.006471,0.005289
HiFi,4 MM,15A,0.006669,0.005757
HiFi,4 MM,15G,0.004588,0.003926
HiFi,4 MM,15C,0.002494,0.002211
HiFi,4 MM,15T,0.007937,0.004659
HiFi,4 MM,14A,0.006342,0.005364
HiFi,4 MM,14G,0.003363,0.003977
HiFi,4 MM,14C,0.002617,0.002167
HiFi,4 MM,14T,0.00661,0.009777
HiFi,4 MM,13A,0.006107,0.005543
HiFi,4 MM,13G,0.005259,0.004614
HiFi,4 MM,13C,0.002539,0.002188
HiFi,4 MM,13T,0.008788,0.008318
HiFi,4 MM,12A,0.004385,0.003814
HiFi,4 MM,12G,0.002571,0.002237
HiFi,4 MM,12C,0.003935,0.003673
HiFi,4 MM,12T,0.005995,0.004811
HiFi,4 MM,11A,0.004207,0.003698
HiFi,4 MM,11G,0.002917,0.002551
HiFi,4 MM,11C,0.001719,0.001893
HiFi,4 MM,11T,0.004704,0.003289
HiFi,4 MM,10A,0.002834,0.002264
HiFi,4 MM,10G,0.003423,0.002852
HiFi,4 MM,10C,0.002854,0.002488
HiFi,4 MM,10T,0.006272,0.006377
HiFi,4 MM,9A,0.002262,0.002082
HiFi,4 MM,9G,0.003476,0.003053
HiFi,4 MM,9C,0.0008962,0.000378
HiFi,4 MM,9T,0.002546,0.002632
HiFi,4 MM,8A,0.003234,0.002863
HiFi,4 MM,8G,0.004046,0.003124
HiFi,4 MM,8C,0.0004388,0.0001507
HiFi,4 MM,8T,0.003514,0.003224
HiFi,4 MM,7A,0.001012,0.0008023
HiFi,4 MM,7G,0.004463,0.003989
HiFi,4 MM,7C,0,0
HiFi,4 MM,7T,0.001201,0.0007966
HiFi,4 MM,6A,0.0007821,0.0006805
HiFi,4 MM,6G,0.001122,0.0007665
HiFi,4 MM,6C,0.00348,0.003077
HiFi,4 MM,6T,0.00318,0.002539
HiFi,4 MM,5A,0.002277,0.002085
HiFi,4 MM,5G,0.003515,0.003147
HiFi,4 MM,5C,0.0004235,0.0002495
HiFi,4 MM,5T,0.003186,0.002127
HiFi,4 MM,4A,0.003481,0.003167
HiFi,4 MM,4G,0.002858,0.001937
HiFi,4 MM,4C,0.000267,0
HiFi,4 MM,4T,0.001844,0.001258
HiFi,4 MM,3A,0.0008316,0.0007821
HiFi,4 MM,3G,0.003982,0.003453
HiFi,4 MM,3C,0.000129,0
HiFi,4 MM,3T,0.001521,0.001501
HiFi,4 MM,2A,0.003613,0.003126
HiFi,4 MM,2G,0.001453,0.001145
HiFi,4 MM,2C,0,0
HiFi,4 MM,2T,0.001774,0.001708
HiFi,4 MM,1A,0.002252,0.00224
HiFi,4 MM,1G,0.001046,0.0008152
HiFi,4 MM,1C,0.001993,0.001563
HiFi,4 MM,1T,0.003327,0.002906
HiFi,5 MM,20A,0.001056,0.001104
HiFi,5 MM,20G,0.0006536,0.0007986
HiFi,5 MM,20C,0,0.0002377
HiFi,5 MM,20T,0.001017,0.001514
HiFi,5 MM,19A,0.001809,0.001558
HiFi,5 MM,19G,0.0006508,0.0008077
HiFi,5 MM,19C,0,0.0001365
HiFi,5 MM,19T,0.000575,0.001043
HiFi,5 MM,18A,0.001176,0.001243
HiFi,5 MM,18G,0.0004187,0.0007919
HiFi,5 MM,18C,0.0008483,0.0009655
HiFi,5 MM,18T,0,0.0002023
HiFi,5 MM,17A,0.0009846,0.0009792
HiFi,5 MM,17G,0.0006247,0.001095
HiFi,5 MM,17C,0.0006526,0.0009752
HiFi,5 MM,17T,0,0.0002161
HiFi,5 MM,16A,0.0004136,0.0008364
HiFi,5 MM,16G,0.0006162,0.000704
HiFi,5 MM,16C,0.0007687,0.000853
HiFi,5 MM,16T,0,0.0002858
HiFi,5 MM,15A,0,0.0002652
HiFi,5 MM,15G,0.0007915,0.0009295
HiFi,5 MM,15C,0.0006142,0.0008303
HiFi,5 MM,15T,0.0009402,0.001251
HiFi,5 MM,14A,0,0.0003098
HiFi,5 MM,14G,0.000326,0.0004465
HiFi,5 MM,14C,0,0.0005695
HiFi,5 MM,14T,0.0009184,0.001321
HiFi,5 MM,13A,0.0003252,0.0007377
HiFi,5 MM,13G,0,0.000279
HiFi,5 MM,13C,0,0.000248
HiFi,5 MM,13T,0,0.0003946
HiFi,5 MM,12A,0,0.0001426
HiFi,5 MM,12G,0,0.00006481
HiFi,5 MM,12C,0,0.0004506
HiFi,5 MM,12T,0.0003167,0.0006622
HiFi,5 MM,11A,0,0.00007393
HiFi,5 MM,11G,0,0.0001321
HiFi,5 MM,11C,0.00002013,0.000508
HiFi,5 MM,11T,0.0002926,0.00009421
HiFi,5 MM,10A,0,0.0004145
HiFi,5 MM,10G,0.00003211,0.0003545
HiFi,5 MM,10C,0,0
HiFi,5 MM,10T,0.0008766,0.0007425
HiFi,5 MM,9A,0,0
HiFi,5 MM,9G,0,0.0001964
HiFi,5 MM,9C,0.00005967,0.0004648
HiFi,5 MM,9T,0.0005286,0.000887
HiFi,5 MM,8A,0,0.000302
HiFi,5 MM,8G,0.0002105,0.0005956
HiFi,5 MM,8C,0,0
HiFi,5 MM,8T,0,0
HiFi,5 MM,7A,0,0
HiFi,5 MM,7G,0,0.0002366
HiFi,5 MM,7C,0,0.0004987
HiFi,5 MM,7T,0.0004617,0.0005614
HiFi,5 MM,6A,0,0
HiFi,5 MM,6G,0.0003856,0.0007247
HiFi,5 MM,6C,0,0
HiFi,5 MM,6T,0,0
HiFi,5 MM,5A,0.0001081,0.0005478
HiFi,5 MM,5G,0,0
HiFi,5 MM,5C,0,0
HiFi,5 MM,5T,0,0.0002946
HiFi,5 MM,4A,0.0001423,0.000574
HiFi,5 MM,4G,0,0.0002441
HiFi,5 MM,4C,0,0
HiFi,5 MM,4T,0,0
HiFi,5 MM,3A,0,0
HiFi,5 MM,3G,0,0
HiFi,5 MM,3C,0,0.0004536
HiFi,5 MM,3T,0.0007425,0.0009962
HiFi,5 MM,2A,0,0.0002362
HiFi,5 MM,2G,0,0.0001206
HiFi,5 MM,2C,0.00005194,0.0004935
HiFi,5 MM,2T,0,0.0002709
HiFi,5 MM,1A,0,0.0002325
HiFi,5 MM,1G,0.0002226,0.0005516
HiFi,5 MM,1C,0,0
HiFi,5 MM,1T,0,0
HiFi,5 MM,20A,0.003271,0.003384
HiFi,5 MM,20G,0.002844,0.001882
HiFi,5 MM,20C,0.0007179,0.0004654
HiFi,5 MM,20T,0.002613,0.002742
HiFi,5 MM,19A,0.002016,0.001617
HiFi,5 MM,19G,0.002079,0.001735
HiFi,5 MM,19C,0.0008627,0.0006564
HiFi,5 MM,19T,0.002488,0.001954
HiFi,5 MM,18A,0.002162,0.002246
HiFi,5 MM,18G,0.0008254,0.0005264
HiFi,5 MM,18C,0.002034,0.002199
HiFi,5 MM,18T,0.002027,0.001624
HiFi,5 MM,17A,0.002224,0.001363
HiFi,5 MM,17G,0.001377,0.001185
HiFi,5 MM,17C,0.0008541,0.0006648
HiFi,5 MM,17T,0.002423,0.002358
HiFi,5 MM,16A,0.001521,0.001732
HiFi,5 MM,16G,0.0009447,0.0006156
HiFi,5 MM,16C,0.00154,0.001387
HiFi,5 MM,16T,0.001844,0.001727
HiFi,5 MM,15A,0.002299,0.001805
HiFi,5 MM,15G,0.001115,0.0005528
HiFi,5 MM,15C,0.0008427,0.0006718
HiFi,5 MM,15T,0.002439,0.001952
HiFi,5 MM,14A,0.001795,0.001351
HiFi,5 MM,14G,0.001134,0.001026
HiFi,5 MM,14C,0.0009089,0.0006904
HiFi,5 MM,14T,0.002681,0.002227
HiFi,5 MM,13A,0.001366,0.0009307
HiFi,5 MM,13G,0.001535,0.0009689
HiFi,5 MM,13C,0.0009415,0.0007727
HiFi,5 MM,13T,0.002668,0.00198
HiFi,5 MM,12A,0.001224,0.001341
HiFi,5 MM,12G,0.0008973,0.0005865
HiFi,5 MM,12C,0.001283,0.001196
HiFi,5 MM,12T,0.002441,0.002178
HiFi,5 MM,11A,0.001257,0.001003
HiFi,5 MM,11G,0.001223,0.000941
HiFi,5 MM,11C,0.0001981,0.000167
HiFi,5 MM,11T,0.001297,0.001051
HiFi,5 MM,10A,0.001134,0.0001996
HiFi,5 MM,10G,0.001072,0.000994
HiFi,5 MM,10C,0.001011,0.0008293
HiFi,5 MM,10T,0.002654,0.002531
HiFi,5 MM,9A,0.0006304,0.0004469
HiFi,5 MM,9G,0.001457,0.001166
HiFi,5 MM,9C,0,0
HiFi,5 MM,9T,0.0007599,0.0005194
HiFi,5 MM,8A,0.00113,0.000863
HiFi,5 MM,8G,0.002053,0.001453
HiFi,5 MM,8C,0,0
HiFi,5 MM,8T,0.00197,0.001754
HiFi,5 MM,7A,0,0.00007678
HiFi,5 MM,7G,0.001692,0.001406
HiFi,5 MM,7C,0,0
HiFi,5 MM,7T,0.0004375,0
HiFi,5 MM,6A,0.00007604,0
HiFi,5 MM,6G,0.0001005,0
HiFi,5 MM,6C,0.001381,0.00113
HiFi,5 MM,6T,0.001161,0.001139
HiFi,5 MM,5A,0.000799,0.0006895
HiFi,5 MM,5G,0.001358,0.001071
HiFi,5 MM,5C,0,0
HiFi,5 MM,5T,0.001192,0.0009313
HiFi,5 MM,4A,0.001383,0.001161
HiFi,5 MM,4G,0.0009996,0.000565
HiFi,5 MM,4C,0,0
HiFi,5 MM,4T,0.0002557,0
HiFi,5 MM,3A,0.0001664,0
HiFi,5 MM,3G,0.001562,0.001297
HiFi,5 MM,3C,0,0
HiFi,5 MM,3T,0.000304,0.0002302
HiFi,5 MM,2A,0.001369,0.001147
HiFi,5 MM,2G,0.0003199,0.00008839
HiFi,5 MM,2C,0,0
HiFi,5 MM,2T,0.0008324,0.0002483
HiFi,5 MM,1A,0.001235,0.001259
HiFi,5 MM,1G,0.0002151,0
HiFi,5 MM,1C,0.0004428,0.0005855
HiFi,5 MM,1T,0.001238,0.0009563
HiFi,6 MM,20A,0,0.0003332
HiFi,6 MM,20G,0.00003521,0.0004705
HiFi,6 MM,20C,0,0
HiFi,6 MM,20T,0,0.0001877
HiFi,6 MM,19A,0.0002558,0.0006689
HiFi,6 MM,19G,0,0.0004316
HiFi,6 MM,19C,0,0
HiFi,6 MM,19T,0,0.0004849
HiFi,6 MM,18A,0.0002921,0.0009491
HiFi,6 MM,18G,0,0.0004493
HiFi,6 MM,18C,0,0.0001124
HiFi,6 MM,18T,0,0
HiFi,6 MM,17A,0,0.0002414
HiFi,6 MM,17G,0,7.768E-07
HiFi,6 MM,17C,0.0000464,0.00005421
HiFi,6 MM,17T,0,0.00005567
HiFi,6 MM,16A,0,0.0005309
HiFi,6 MM,16G,0,0.0004879
HiFi,6 MM,16C,0,0.0001092
HiFi,6 MM,16T,0,0
HiFi,6 MM,15A,0,8.271E-07
HiFi,6 MM,15G,0,0.0001394
HiFi,6 MM,15C,0,0.000461
HiFi,6 MM,15T,0,0.0002823
HiFi,6 MM,14A,0,0.0000179
HiFi,6 MM,14G,0,0.000146
HiFi,6 MM,14C,0,0.0001546
HiFi,6 MM,14T,0.0001846,0.0003814
HiFi,6 MM,13A,0,0.0004195
HiFi,6 MM,13G,0,0
HiFi,6 MM,13C,0,0.00003628
HiFi,6 MM,13T,0,0.00006804
HiFi,6 MM,12A,0,0.000326
HiFi,6 MM,12G,0,0
HiFi,6 MM,12C,0,0.00009577
HiFi,6 MM,12T,0,0
HiFi,6 MM,11A,0,0
HiFi,6 MM,11G,0,0
HiFi,6 MM,11C,0,0.0002441
HiFi,6 MM,11T,0,0
HiFi,6 MM,10A,0,0.00003854
HiFi,6 MM,10G,0,0.00008466
HiFi,6 MM,10C,0,0
HiFi,6 MM,10T,0.0000483,0.0005304
HiFi,6 MM,9A,0,0
HiFi,6 MM,9G,0,0.00005707
HiFi,6 MM,9C,0,0.0001248
HiFi,6 MM,9T,0,0
HiFi,6 MM,8A,0,0
HiFi,6 MM,8G,0,0.000235
HiFi,6 MM,8C,0,0
HiFi,6 MM,8T,0,0
HiFi,6 MM,7A,0,0
HiFi,6 MM,7G,0,0
HiFi,6 MM,7C,0,0.0001246
HiFi,6 MM,7T,0,0.0003622
HiFi,6 MM,6A,0,0
HiFi,6 MM,6G,0,0.0002135
HiFi,6 MM,6C,0,0
HiFi,6 MM,6T,0,0.00003308
HiFi,6 MM,5A,0,0.0001085
HiFi,6 MM,5G,0,0
HiFi,6 MM,5C,0,0
HiFi,6 MM,5T,0,0.0003948
HiFi,6 MM,4A,0,0.0002138
HiFi,6 MM,4G,0,0
HiFi,6 MM,4C,0,0
HiFi,6 MM,4T,0,0
HiFi,6 MM,3A,0,0.00002358
HiFi,6 MM,3G,0,0
HiFi,6 MM,3C,0,0.00008234
HiFi,6 MM,3T,0,0.0001987
HiFi,6 MM,2A,0,0.0001528
HiFi,6 MM,2G,0,0
HiFi,6 MM,2C,0,0.0001081
HiFi,6 MM,2T,0,0
HiFi,6 MM,1A,0,0.0001271
HiFi,6 MM,1G,0,0.0001522
HiFi,6 MM,1C,0,0
HiFi,6 MM,1T,0,0
HiFi,6 MM,20A,0.001449,0.001135
HiFi,6 MM,20G,0.0007216,0
HiFi,6 MM,20C,0,0
HiFi,6 MM,20T,0.0005957,0
HiFi,6 MM,19A,0.0006144,0
HiFi,6 MM,19G,0.0005133,0
HiFi,6 MM,19C,0.00007255,0.000005776
HiFi,6 MM,19T,0.0006916,0.0004058
HiFi,6 MM,18A,0.0004503,0.0002711
HiFi,6 MM,18G,0.00008166,0
HiFi,6 MM,18C,0.0004152,0.000248
HiFi,6 MM,18T,0.0006589,0.0001421
HiFi,6 MM,17A,0.000565,0.0005972
HiFi,6 MM,17G,0.0001161,0.0004563
HiFi,6 MM,17C,0.00009063,0
HiFi,6 MM,17T,0.0007686,0.0005915
HiFi,6 MM,16A,0.0002316,0.0003111
HiFi,6 MM,16G,0.000172,0
HiFi,6 MM,16C,0.0004557,0.0003271
HiFi,6 MM,16T,0.0002488,0.0000943
HiFi,6 MM,15A,0.001326,0.0005623
HiFi,6 MM,15G,0,0.00008504
HiFi,6 MM,15C,0,0
HiFi,6 MM,15T,0.0005002,0.00003338
HiFi,6 MM,14A,0.0006638,0.0005979
HiFi,6 MM,14G,0,0
HiFi,6 MM,14C,0.0001325,0
HiFi,6 MM,14T,0.0003731,0.0002201
HiFi,6 MM,13A,0.0001817,0.0001047
HiFi,6 MM,13G,0,0.000009553
HiFi,6 MM,13C,0.0002154,0
HiFi,6 MM,13T,0.0004994,0.000213
HiFi,6 MM,12A,0.00005601,0
HiFi,6 MM,12G,0,0
HiFi,6 MM,12C,0.00005119,0
HiFi,6 MM,12T,0.001432,0.001179
HiFi,6 MM,11A,0,0.0000527
HiFi,6 MM,11G,0.0003854,0.00007733
HiFi,6 MM,11C,0,0
HiFi,6 MM,11T,0,0
HiFi,6 MM,10A,0,0
HiFi,6 MM,10G,0,0
HiFi,6 MM,10C,0.0002568,0.00006291
HiFi,6 MM,10T,0.0004091,0.0002852
HiFi,6 MM,9A,0.0000133,0
HiFi,6 MM,9G,0.0003901,0.0001803
HiFi,6 MM,9C,0,0
HiFi,6 MM,9T,0,0
HiFi,6 MM,8A,0.00007983,0
HiFi,6 MM,8G,0.0006926,0
HiFi,6 MM,8C,0,0
HiFi,6 MM,8T,0.001283,0.0009705
HiFi,6 MM,7A,0,0
HiFi,6 MM,7G,0.0004506,0.000283
HiFi,6 MM,7C,0,0
HiFi,6 MM,7T,0.0001378,0
HiFi,6 MM,6A,0,0
HiFi,6 MM,6G,0,0
HiFi,6 MM,6C,0.0002985,0.0001402
HiFi,6 MM,6T,0.0002026,0.00008921
HiFi,6 MM,5A,0,0
HiFi,6 MM,5G,0.0003775,0.0001058
HiFi,6 MM,5C,0,0
HiFi,6 MM,5T,0.0002844,0.0004923
HiFi,6 MM,4A,0.0003281,0.0001195
HiFi,6 MM,4G,0.0001883,0.00003424
HiFi,6 MM,4C,0,0
HiFi,6 MM,4T,0,0
HiFi,6 MM,3A,0,0
HiFi,6 MM,3G,0.0004708,0.0002791
HiFi,6 MM,3C,0,0
HiFi,6 MM,3T,0,0
HiFi,6 MM,2A,0.0003754,0.0001536
HiFi,6 MM,2G,0,0
HiFi,6 MM,2C,0,0
HiFi,6 MM,2T,0.00005717,0
HiFi,6 MM,1A,0.0004199,0.0002799
HiFi,6 MM,1G,0,0.0001183
HiFi,6 MM,1C,0,0
HiFi,6 MM,1T,0.0002455,0
